{
  "except": [
    "vehicle",
    "car",
    "street lamp",
    "fence",
    "truck",
    "swimming pool",
    "wind turbine",
    "utility pole",
    "shrub",
    "grandstand",
    "boat",
    "solar panel",
    "building material",
    "seat",
    "tennis net",
    "lamp post",
    "industrial equipment",
    "tennis court net",
    "industrial material",
    "wood",
    "backboard",
    "tennis court fence",
    "sun umbrella",
    "person",
    "train",
    "transmission tower",
    "trail ridge",
    "notice board",
    "substation equipment",
    "cemetery",
    "service vehicle",
    "flower bed",
    "light pole",
    "pole",
    "tee box",
    "signal light",
    "trash can",
    "soccer goal",
    "tombstone",
    "hedge",
    "stone bench",
    "guardrail",
    "wind turbine shadow",
    "electric wire",
    "player",
    "stand",
    "golf ball",
    "signal tower",
    "lounge chair",
    "construction site",
    "soccer goal frame",
    "heavy truck",
    "goal",
    "shed",
    "banister",
    "gate",
    "bench",
    "awning",
    "basketball hoop",
    "signboard",
    "basketball court perimeter",
    "marina dock",
    "construction equipment",
    "pavilion"],
  "Others": [ ],
  "building": [
    "building",
    "residential house",
    "storage tank",
    "roof",
    "water treatment tank",
    "industrial building",
    "bridge",
    "greenhouse",
    "shipping container",
    "dam",
    "bunker",
    "residential building",
    "warehouse",
    "small bridge",
    "river embankment",
    "structure",
    "base station",
    "terminal building",
    "bleacher"
  ],
  "road": [
    "road",
    "roadway"
  ],
  "water": [
    "pond",
    "water body",
    "water",
    "river",
    "lake",
    "canal",
    "marina",
    "jetty",
    "stream",
    "water area",
    "waterbody",
    "marina dock",
    "water treatment pool",
    "circular water treatment pool"
  ],
  "barren": [
    "sand",
    "bare ground",
    "bare soil",
    "sand trap",
    "soil",
    "gravel pile",
    "sand pile",
    "gravel area"
  ],
  "forest": [
    "tree",
    "greenbelt",
    "forest",
    "grove",
    "bush"
  ],
  "agriculture": [
    "crop field",
    "farmland",
    "lawn",
    "field",
    "orchard",
    "grassed area",
    "agricultural field",
    "crop"
  ]
}
