{
  "others": [
    "car",
    "fence",
    "tennis court",
    "baseball field",
    "green belt",
    "aerodrome",
    "graveyard",
    "the ship",
    "soccer field",
    "aeroplane",
    "separator",
    "hamlet",
    "container",
    "dumping ground",
    "stash",
    "gazebo",
    "equipment",
    "pitcher",
    "cloud",
    "the helipad",
    "basketball court",
    "rail",
    "island",
    "unit",
    "misc",
    "block",
    "playground",
    "conduit",
    "isolation strip",
    "site",
    "train",
    "train track",
    "bench"
  ],
  "building": [
    "structure",
    "tenement",
    "building",
    "workshop",
    "rest area",
    "factory",
    "storage tank",
    "dam",
    "stadium",
    "sewage treatment plant",
    "industrial park",
    "solar power plant",
    "refinery",
    "substation",
    "living quarter",
    "concrete floor",
    "wind turbine",
    "grandstand",
    "roof",
    "railway station",
    "cistern"
  ],
  "road": [
    "way",
    "parking lot",
    "lane",
    "highroad",
    "concrete road",
    "road",
    "mountain road",
    "expressway",
    "tarmac",
    "unpaved road",
    "parking area",
    "roundabout",
    "street lamp",
    "parking space",
    "runway",
    "path",
    "bridge",
    "airstrip"
  ],
  "water": [
    "water",
    "riverbank",
    "ocean",
    "river bed",
    "reservoir",
    "canal",
    "impoundment",
    "watercourse",
    "seaboard",
    "seaway",
    "shore",
    "beach",
    "ditch",
    "rill",
    "boat",
    "quay",
    "riffle"
  ],
  "barren": [
    "wasteland",
    "sand",
    "desert",
    "dune",
    "gravel land",
    "rock",
    "rockily",
    "debris area",
    "ridge",
    "mountainous region",
    "mountain range",
    "massif"
  ],
  "forest": [
    "forest",
    "tree",
    "grove",
    "forest land",
    "bush",
    "vegetation",
    "brushwood",
    "park",
    "lawn"
  ],
  "agriculture": [
    "meadow",
    "clearing",
    "plowland",
    "field",
    "crop",
    "plot",
    "terraced field",
    "planting region",
    "orchard",
    "green plant",
    "greenhouse",
    "plastic greenhouse",
    "golf course"
  ]
}
