{
   "others": [
    "way",
    "tree",
    "meadow",
    "clearing",
    "structure",
    "tenement",
    "wasteland",
    "parking lot",
    "lane",
    "concrete floor",
    "highroad",
    "plowland",
    "water",
    "wind turbine",
    "lawn",
    "ridge",
    "fence",
    "riverbank",
    "bush",
    "green belt",
    "beach",
    "conduit",
    "aerodrome",
    "ditch",
    "ocean",
    "graveyard",
    "rock",
    "soccer field",
    "sewage treatment plant",
    "storage tank",
    "stadium",
    "vegetation",
    "shore",
    "dune",
    "mountainous region",
    "impoundment",
    "isolation strip",
    "misc",
    "sand",
    "plot",
    "playground",
    "building",
    "rest area",
    "workshop",
    "site",
    "planting region",
    "train",
    "concrete road",
    "massif",
    "dam",
    "crop",
    "riffle",
    "seaboard",
    "train track",
    "block",
    "parking area",
    "bench",
    "forest land",
    "debris area",
    "terraced field",
    "river bed",
    "plastic greenhouse",
    "separator",
    "watercourse",
    "street lamp",
    "grandstand",
    "hamlet",
    "gravel land",
    "park",
    "rockily",
    "airstrip",
    "dumping ground",
    "solar power plant",
    "stash",
    "gazebo",
    "reservoir",
    "rill",
    "pitcher",
    "canal",
    "cloud",
    "the helipad",
    "seaway",
    "railway station",
    "mountain road",
    "roof",
    "refinery",
    "forest",
    "quay",
    "road",
    "orchard",
    "solar panel",
    "golf course",
    "greenhouse",
    "path",
    "expressway",
    "rail",
    "tarmac",
    "unpaved road",
    "parking space",
    "runway",
    "brushwood",
    "island",
    "mountain range",
    "cistern",
    "unit",
    "substation",
    "courtyard",
    "desert",
    "grove",
    "living quarter"
  ],
  "A220": ["aeroplane"],
  "A321": ["aeroplane"],
  "A330": ["aeroplane"],
  "A350": ["aeroplane"],
  "ARJ21": ["aeroplane"],
  "baseball field": ["baseball field"],
  "basketball court": ["basketball court"],
  "boeing737": ["aeroplane"],
  "boeing747": ["aeroplane"],
  "boeing777": ["aeroplane"],
  "boeing787": ["aeroplane"],
  "bridge": ["bridge"],
  "bus": ["car", "truck tractor", "van"],
  "C919": ["aeroplane"],
  "cargo truck": ["truck tractor"],
  "dry cargo ship": ["the ship"],
  "dump truck": ["truck tractor"],
  "engineering ship": ["the ship"],
  "excavator": ["equipment"],
  "fishing boat": ["boat"],
  "football field": ["field"],
  "intersection": ["road"],
  "liquid cargo ship": ["the ship"],
  "motorboat": ["boat"],
  "other airplane": ["aeroplane"],
  "other ship": ["the ship"],
  "other vehicle": ["car", "truck tractor", "van"],
  "passenger ship": ["the ship"],
  "roundabout": ["roundabout"],
  "small car": ["car"],
  "tennis court": ["tennis court"],
  "tracker": ["truck tractor"],
  "trailer": ["container"],
  "truck tractor": ["truck tractor"],
  "tugboat": ["boat"],
  "van": ["van"],
  "warship": ["the ship"]
}
