{
  "Building": [
    "building",
    "residential house",
    "bridge",
    "greenhouse",
    "shipping container",
    "residential building",
    "industrial building",
    "roof",
    "building material",
    "wall",
    "house",
    "villa",
    "pavilion",
    "residential housing",
    "storage tank",
    "water treatment tank",
    "terminal building",
    "dam",
    "structure",
    "base station",
    "warehouse",
    "small bridge"
  ],
  "Road": [
    "concrete ground",
    "path",
    "road",
    "roadway",
    "sidewalk",
    "crosswalk",
    "private driveway",
    "trail",
    "driveway",
    "tennis court perimeter",
    "roundabout",
    "dirt road",
    "gravel ground",
    "runway",
    "railway track",
    "highway",
    "tennis court infield",
    "rail",
    "taxiway",
    "paved area",
    "track",
    "median strip",
    "gravel road",
    "athletic track",
    "gravel area",
    "dirt track"
  ],
  "Static Car": [
    "vehicle",
    "car",
    "truck",
    "van",
    "bus",
    "coach bus"
  ],
  "Tree": [
    "tree",
    "forest",
    "grove",
    "fruit tree"
  ],
  "Low Vegetation": [
    "grassland",
    "grass",
    "lawn",
    "field",
    "crop field",
    "farmland",
    "shrub",
    "shrubs",
    "orchard",
    "greenbelt",
    "putting green",
    "golf fairway",
    "golf green",
    "agricultural field",
    "field ridge",
    "grassed area",
    "crop",
    "hedge",
    "golf course green",
    "flower bed"
  ],
  "Humans": [
    "person",
    "player"
  ],
  "Moving Car": [
      "car on the road"
  ],
  "Others": [
    "street lamp",
    "fence",
    "swimming pool",
    "pond",
    "water body",
    "wind turbine",
    "sand",
    "utility pole",
    "tennis court",
    "grandstand",
    "boat",
    "basketball court",
    "solar panel",
    "seat",
    "dock",
    "baseball field outfield",
    "baseball field infield",
    "tennis net",
    "lamp post",
    "industrial equipment",
    "street lamp pole",
    "pipeline",
    "stadium seating",
    "basketball hoop",
    "signboard",
    "stadium fence",
    "bunker",
    "rock",
    "bare ground",
    "manhole cover",
    "tennis court infield",
    "baseball field",
    "sand bunker",
    "apron",
    "gravel",
    "bench",
    "awning",
    "soccer field",
    "helipad",
    "electrical box",
    "bare soil",
    "net",
    "overpass",
    "baseball outfield",
    "beach",
    "shrubbery",
    "pier",
    "sun umbrella",
    "shoreline",
    "muddy ground",
    "traffic light",
    "sand trap",
    "transmission tower",
    "stream",
    "riverbank",
    "stone",
    "construction equipment",
    "pole",
    "tee box",
    "signal light",
    "trash can",
    "marina",
    "soccer goal",
    "golf course bunker",
    "tombstone",
    "bleacher",
    "park bench",
    "sport field",
    "water area",
    "soil",
    "water hazard",
    "jetty",
    "notice board",
    "substation equipment",
    "cemetery",
    "sand pile",
    "circular water treatment pool",
    "stone bench",
    "guardrail",
    "water treatment pool",
    "bare land",
    "ditch",
    "wind turbine shadow",
    "electric wire",
    "stand",
    "golf ball",
    "square water treatment pool",
    "lounge chair",
    "construction site",
    "gravel pile",
    "marina dock",
    "soccer goal frame",
    "river embankment",
    "baseball diamond",
    "swimming pool perimeter",
    "bush",
    "power line pole",
    "goal"
  ]
}
