{
    "except": [
    "street lamp",
    "fence",
    "crop field",
    "wind turbine",
    "sand",
    "utility pole",
    "farmland",
    "shrub",
    "tennis court",
    "golf course",
    "grandstand",
    "boat",
    "basketball court",
    "solar panel",
    "roof",
    "building material",
    "seat",
    "baseball field outfield",
    "baseball field infield",
    "greenbelt",
    "tennis net",
    "storage tank",
    "lamp post",
    "industrial equipment",
    "stadium seating",
    "basketball hoop",
    "signboard",
    "stadium fence",
    "bunker",
    "rock",
    "bare ground",
    "manhole cover",
    "baseball field",
    "sand bunker",
    "apron",
    "gravel",
    "bench",
    "awning",
    "soccer field",
    "helipad",
    "electrical box",
    "wall",
    "bare soil",
    "orchard",
    "net",
    "baseball infield",
    "baseball outfield",
    "shrubbery",
    "tennis court net",
    "industrial material",
    "wood",
    "backboard",
    "tennis court fence",
    "sun umbrella",
    "person",
    "muddy ground",
    "traffic light",
    "sand trap",
    "transmission tower",
    "signal light",
    "trash can",
    "soccer goal",
    "golf course bunker",
    "tombstone",
    "agricultural field",
    "bleacher",
    "park bench",
    "sport field",
    "structure",
    "shrubland",
    "golf course service vehicle",
    "soil",
    "vegetation",
    "field ridge",
    "notice board",
    "substation equipment",
    "cemetery",
    "stone bench",
    "guardrail",
    "bare land",
    "wind turbine shadow",
    "electric wire",
    "player",
    "stand",
    "golf ball",
    "signal tower",
    "lounge chair",
    "construction site",
    "gravel pile",
    "soccer goal frame",
    "goal"
  ],
  "others":[],
  "Building Flooded": [],
  "Building Non-Flooded": [
    "building",
    "residential house",
    "house",
    "villa"
  ],
  "Road Flooded": [],
  "Road Non-Flooded": [
    "road",
    "roadway"
  ],
  "Water": [
    "water body",
    "water",
    "river",
    "lake"
  ],
  "Tree": [
    "tree",
    "forest",
    "grove",
    "fruit tree"
  ],
  "Vehicle": [
    "vehicle",
    "car",
    "truck",
    "van",
    "bus"
  ],
  "Pool": [
    "swimming pool"
  ],
  "Grass": [
    "grassland",
    "grass",
    "lawn",
    "field",
    "golf fairway",
    "putting green",
    "golf green",
    "golf course green",
    "grassed area"
  ]
}
